{"OMEinsum (KaHyPar)":{"time":1.722486553,"tc":34.86917501586544,"sc":28.52932501298081},"OMEinsum (METIS)":{"time":1.323679924,"tc":34.86917501586544,"sc":28.52932501298081},"CoTenGra":{"time":40.225720275,"tc":34.86917501586544,"sc":28.529325012980813}}