{"OMEinsum (KaHyPar)":{"time":2.558023414,"tc":34.28421251514429,"sc":26.359400011538494},"OMEinsum (METIS)":{"time":2.011274327,"tc":34.28421251514429,"sc":26.359400011538494},"CoTenGra":{"time":52.453316421,"tc":31.529325012980813,"sc":27.3594000115385}}