{"OMEinsum (KaHyPar)":{"time":110.918033028,"tc":35.0,"sc":31.0},"OMEinsum (METIS)":{"time":7.597612092,"tc":37.0,"sc":32.0},"CoTenGra":{"time":2212.366840959,"tc":37.0,"sc":34.0}}