{"OMEinsum (KaHyPar)":{"time":2.87056189,"tc":33.2842125151443,"sc":31.699250014423107},"OMEinsum (METIS)":{"time":2.661691581,"tc":33.2842125151443,"sc":31.699250014423107},"CoTenGra":{"time":85.864726858,"tc":33.28421251514431,"sc":31.699250014423125}}