{"OMEinsum (KaHyPar)":{"time":18.25417903,"tc":41.0,"sc":33.0},"OMEinsum (METIS)":{"time":1.382801514,"tc":43.0,"sc":37.0},"CoTenGra":{"time":857.30968218,"tc":38.0,"sc":34.0}}