{"OMEinsum (KaHyPar)":{"time":1.525410269,"tc":30.11428751370196,"sc":26.944362512259644},"OMEinsum (METIS)":{"time":1.24863743,"tc":30.11428751370196,"sc":26.944362512259644},"CoTenGra":{"time":66.333130224,"tc":30.11428751370196,"sc":28.529325012980813}}