{"OMEinsum (KaHyPar)":{"time":0.018742942,"tc":38.0,"sc":34.0},"OMEinsum (METIS)":{"time":0.015458135,"tc":38.0,"sc":34.0},"CoTenGra":{"time":175.653303825,"tc":38.0,"sc":34.0}}