{"OMEinsum (KaHyPar)":{"time":0.675163781,"tc":38.891783703218316,"sc":30.89178370321831},"OMEinsum (METIS)":{"time":0.067103634,"tc":38.891783703218316,"sc":30.89178370321831},"CoTenGra":{"time":27.968235918,"tc":34.89178370321831,"sc":26.891783703218312}}