{"OMEinsum (KaHyPar)":{"time":0.689654887,"tc":36.05763351038534,"sc":32.4726710096642},"OMEinsum (METIS)":{"time":0.064583788,"tc":36.05763351038534,"sc":32.4726710096642},"CoTenGra":{"time":30.479390425,"tc":32.472671009664204,"sc":25.302746008221888}}