{"OMEinsum (KaHyPar)":{"time":0.671874481,"tc":40.0812587133145,"sc":31.741408710429873},"OMEinsum (METIS)":{"time":0.067120747,"tc":40.0812587133145,"sc":31.741408710429873},"CoTenGra":{"time":26.804013639,"tc":35.91133371187218,"sc":27.57148370898756}}