{"OMEinsum (KaHyPar)":{"time":0.667470972,"tc":24.891783703218312,"sc":18.89178370321831},"OMEinsum (METIS)":{"time":0.06182926,"tc":24.891783703218312,"sc":18.89178370321831},"CoTenGra":{"time":12.381709233,"tc":24.891783703218312,"sc":18.89178370321831}}