{"OMEinsum (KaHyPar)":{"time":0.681152114,"tc":41.145280367429855,"sc":32.501424177655124},"OMEinsum (METIS)":{"time":0.069911755,"tc":41.145280367429855,"sc":32.501424177655124},"CoTenGra":{"time":28.138199367,"tc":36.82335227254249,"sc":28.179496082767763}}