{"OMEinsum (KaHyPar)":{"time":0.36377146,"tc":28.028100312017806,"sc":20.85817531057549},"OMEinsum (METIS)":{"time":0.068636158,"tc":28.028100312017806,"sc":20.85817531057549},"CoTenGra":{"time":3.197453461,"tc":28.028100312017802,"sc":20.85817531057549}}