{"OMEinsum (KaHyPar)":{"time":0.685970714,"tc":35.9865212082664,"sc":28.816596206824087},"OMEinsum (METIS)":{"time":0.066903257,"tc":35.9865212082664,"sc":28.816596206824087},"CoTenGra":{"time":28.000887264,"tc":32.40155870754525,"sc":25.231633706102933}}