{"OMEinsum (KaHyPar)":{"time":0.674412105,"tc":31.89178370321831,"sc":25.89178370321831},"OMEinsum (METIS)":{"time":0.063074625,"tc":31.89178370321831,"sc":25.89178370321831},"CoTenGra":{"time":16.805793096,"tc":28.89178370321832,"sc":22.89178370321831}}