{"OMEinsum (KaHyPar)":{"time":0.669510046,"tc":41.145280367429855,"sc":32.501424177655124},"OMEinsum (METIS)":{"time":0.067579936,"tc":41.145280367429855,"sc":32.501424177655124},"CoTenGra":{"time":26.241561605,"tc":36.82335227254249,"sc":28.179496082767763}}