{"OMEinsum (KaHyPar)":{"time":4.018709027,"tc":43.77313920671969,"sc":35.77313920671969},"OMEinsum (METIS)":{"time":0.255558468,"tc":43.77313920671969,"sc":31.77313920671969},"CoTenGra":{"time":86.080434129,"tc":43.77313920671969,"sc":31.773139206719694}}