{"OMEinsum (KaHyPar)":{"time":0.69435743,"tc":38.96289600533726,"sc":30.96289600533726},"OMEinsum (METIS)":{"time":0.067650056,"tc":38.96289600533726,"sc":30.96289600533726},"CoTenGra":{"time":28.806749354,"tc":34.96289600533725,"sc":26.962896005337264}}