{"OMEinsum (KaHyPar)":{"time":0.658002848,"tc":25.770250927394862,"sc":20.96289600533726},"OMEinsum (METIS)":{"time":0.062644104,"tc":25.770250927394862,"sc":20.96289600533726},"CoTenGra":{"time":31.792930463,"tc":22.962896005337257,"sc":18.96289600533726}}