{"OMEinsum (KaHyPar)":{"time":3.956072803,"tc":45.132539218258216,"sc":36.792689215373564},"OMEinsum (METIS)":{"time":0.254015744,"tc":45.13253921825824,"sc":32.62276421393125},"CoTenGra":{"time":81.281715917,"tc":45.13253921825819,"sc":32.622764213931255}}