{"OMEinsum (KaHyPar)":{"time":0.687296878,"tc":37.54326815762155,"sc":29.92855831350633},"OMEinsum (METIS)":{"time":0.066464346,"tc":37.54326815762155,"sc":29.92855831350633},"CoTenGra":{"time":27.578355481,"tc":33.73591323556394,"sc":26.12120339144873}}