{"OMEinsum (KaHyPar)":{"time":0.675118115,"tc":38.891783703218316,"sc":30.89178370321831},"OMEinsum (METIS)":{"time":0.067047374,"tc":38.891783703218316,"sc":30.89178370321831},"CoTenGra":{"time":28.20777068,"tc":34.89178370321831,"sc":26.891783703218312}}