{"OMEinsum (KaHyPar)":{"time":4.130290142,"tc":42.23197858318055,"sc":30.80991381700771},"OMEinsum (METIS)":{"time":0.259231445,"tc":42.23197858318054,"sc":34.61726873906532},"CoTenGra":{"time":100.420571546,"tc":42.231978583180535,"sc":30.809913817007715}}