{"OMEinsum (KaHyPar)":{"time":3.99259537,"tc":43.77313920671969,"sc":35.77313920671969},"OMEinsum (METIS)":{"time":0.256142769,"tc":43.77313920671969,"sc":31.77313920671969},"CoTenGra":{"time":87.475782671,"tc":43.77313920671969,"sc":31.773139206719694}}