{"OMEinsum (KaHyPar)":{"time":0.513399579,"tc":30.2240016741981,"sc":22.224001674198107},"OMEinsum (METIS)":{"time":0.018737044,"tc":30.2240016741981,"sc":22.224001674198107},"CoTenGra":{"time":3.138096099,"tc":30.2240016741981,"sc":22.224001674198107}}