{"OMEinsum (KaHyPar)":{"time":0.825235039,"tc":43.21928094887362,"sc":34.5754247590989},"OMEinsum (METIS)":{"time":0.083393431,"tc":43.21928094887362,"sc":34.5754247590989},"CoTenGra":{"time":9.073083276,"tc":43.21928094887362,"sc":32.85043180659877}}