{"OMEinsum (KaHyPar)":{"time":0.823155043,"tc":38.07354922057605,"sc":30.458839376460837},"OMEinsum (METIS)":{"time":0.083723565,"tc":38.07354922057605,"sc":30.110916073040528},"CoTenGra":{"time":11.594675527,"tc":38.07354922057605,"sc":26.65148445440323}}