{"OMEinsum (KaHyPar)":{"time":0.827795753,"tc":40.0,"sc":32.0},"OMEinsum (METIS)":{"time":0.08419146,"tc":40.0,"sc":32.0},"CoTenGra":{"time":8.855687959,"tc":40.0,"sc":30.918863237274593}}