{"OMEinsum (KaHyPar)":{"time":0.829895285,"tc":41.699250014423136,"sc":33.3594000115385},"OMEinsum (METIS)":{"time":0.08481754,"tc":41.699250014423136,"sc":33.3594000115385},"CoTenGra":{"time":8.174081168,"tc":41.69925001442312,"sc":31.938413245928473}}