{"OMEinsum (KaHyPar)":{"time":0.824615271,"tc":40.0,"sc":32.0},"OMEinsum (METIS)":{"time":0.084895506,"tc":40.0,"sc":32.0},"CoTenGra":{"time":8.644338786,"tc":40.0,"sc":30.918863237274593}}