{"OMEinsum (KaHyPar)":{"time":0.820480106,"tc":40.0,"sc":32.0},"OMEinsum (METIS)":{"time":0.084160932,"tc":40.0,"sc":32.0},"CoTenGra":{"time":9.205743144,"tc":40.0,"sc":29.614709844115207}}