{"OMEinsum (KaHyPar)":{"time":0.822136385,"tc":43.21928094887362,"sc":34.5754247590989},"OMEinsum (METIS)":{"time":0.082374974,"tc":43.21928094887362,"sc":34.5754247590989},"CoTenGra":{"time":9.486241976,"tc":43.21928094887362,"sc":32.85043180659877}}