{"OMEinsum (KaHyPar)":{"time":118.00297919,"tc":28.0,"sc":27.0},"OMEinsum (METIS)":{"time":3.247355013,"tc":28.0,"sc":27.0},"CoTenGra":{"time":149.36807767,"tc":33.0,"sc":33.0}}