{"OMEinsum (KaHyPar)":{"time":176.163301087,"tc":30.0,"sc":26.0},"OMEinsum (METIS)":{"time":7.526430142,"tc":30.0,"sc":26.0},"CoTenGra":{"time":200.25729856,"tc":31.0,"sc":27.0}}