{"OMEinsum (KaHyPar)":{"time":423.52213658,"tc":36.0,"sc":28.0},"OMEinsum (METIS)":{"time":10.941499329,"tc":33.0,"sc":28.0},"CoTenGra":{"time":1699.501364982,"tc":36.0,"sc":30.0}}