{"OMEinsum (KaHyPar)":{"time":908.707010019,"tc":41.0,"sc":36.0},"OMEinsum (METIS)":{"time":26.073180973,"tc":35.0,"sc":30.0},"CoTenGra":{"time":4170.36798991,"tc":39.0,"sc":33.0}}