{"OMEinsum (KaHyPar)":{"time":19.70742722,"tc":30.0,"sc":27.0},"OMEinsum (METIS)":{"time":1.213009696,"tc":30.0,"sc":27.0},"CoTenGra":{"time":135.032233489,"tc":30.0,"sc":27.0}}