{"OMEinsum (KaHyPar)":{"time":43.440707632,"tc":38.0,"sc":30.0},"OMEinsum (METIS)":{"time":2.70203618,"tc":38.0,"sc":30.0},"CoTenGra":{"time":568.809817315,"tc":38.0,"sc":30.0}}