{"OMEinsum (KaHyPar)":{"time":3.409628925,"tc":36.0,"sc":34.0},"OMEinsum (METIS)":{"time":2.839290675,"tc":36.0,"sc":34.0},"CoTenGra":{"time":105.139679927,"tc":32.0,"sc":30.0}}