{"OMEinsum (KaHyPar)":{"time":72.452263227,"tc":28.0,"sc":26.0},"OMEinsum (METIS)":{"time":1.339420769,"tc":29.0,"sc":26.0},"CoTenGra":{"time":479.775871297,"tc":35.0,"sc":32.0}}