{"OMEinsum (KaHyPar)":{"time":132.293073634,"tc":31.0,"sc":30.0},"OMEinsum (METIS)":{"time":5.516568861,"tc":31.0,"sc":30.0},"CoTenGra":{"time":159.176652438,"tc":33.0,"sc":30.0}}