{"CoTenGra":{"time":2516.89128037,"tc":31.0,"sc":23.0},"OMEinsum (METIS)":{"time":13.731521484,"tc":28.0,"sc":21.0}}
