{"OMEinsum (KaHyPar)":{"time":915.479263854,"tc":41.0,"sc":36.0},"OMEinsum (METIS)":{"time":43.370229351,"tc":35.0,"sc":30.0},"CoTenGra":{"time":6008.389516076,"tc":38.0,"sc":33.0}}