{"OMEinsum (KaHyPar)":{"time":13.635560976,"tc":41.0,"sc":33.0},"OMEinsum (METIS)":{"time":0.830935339,"tc":41.0,"sc":33.0},"CoTenGra":{"time":1050.89170045,"tc":38.0,"sc":34.0}}