{"OMEinsum (KaHyPar)":{"time":204.28259049,"tc":37.0,"sc":31.0},"OMEinsum (METIS)":{"time":10.959167647,"tc":37.0,"sc":32.0},"CoTenGra":{"time":1186.160046248,"tc":38.0,"sc":32.0}}