{"OMEinsum (KaHyPar)":{"time":38.765520768,"tc":39.0,"sc":35.0},"OMEinsum (METIS)":{"time":2.064449793,"tc":39.0,"sc":33.0},"CoTenGra":{"time":630.259798915,"tc":38.0,"sc":34.0}}