{"OMEinsum (KaHyPar)":{"time":30.395603876,"tc":25.0,"sc":24.0},"OMEinsum (METIS)":{"time":0.421898684,"tc":25.0,"sc":24.0},"CoTenGra":{"time":159.742064016,"tc":29.0,"sc":28.0}}