{"OMEinsum (KaHyPar)":{"time":85.803332573,"tc":30.0,"sc":29.0},"OMEinsum (METIS)":{"time":2.13136929,"tc":30.0,"sc":29.0},"CoTenGra":{"time":549.937656483,"tc":36.0,"sc":32.0}}