{"OMEinsum (KaHyPar)":{"time":282.363577195,"tc":30.0,"sc":26.0},"OMEinsum (METIS)":{"time":5.117734737,"tc":30.0,"sc":25.0},"CoTenGra":{"time":710.141138351,"tc":33.0,"sc":29.000000000000004}}