{"OMEinsum (KaHyPar)":{"time":113.751966865,"tc":26.0,"sc":25.0},"OMEinsum (METIS)":{"time":6.91246597,"tc":27.0,"sc":26.0},"CoTenGra":{"time":431.238907695,"tc":32.0,"sc":31.000000000000004}}