{"OMEinsum (KaHyPar)":{"time":3.977853063,"tc":34.0,"sc":32.0},"OMEinsum (METIS)":{"time":2.960870618,"tc":34.0,"sc":32.0},"CoTenGra":{"time":87.439282672,"tc":34.0,"sc":32.0}}