{"OMEinsum (KaHyPar)":{"time":97.285108573,"tc":25.0,"sc":24.0},"OMEinsum (METIS)":{"time":1.759889462,"tc":25.0,"sc":24.0},"CoTenGra":{"time":218.287922805,"tc":28.0,"sc":27.0}}