{"OMEinsum (KaHyPar)":{"time":152.041480242,"tc":14.0,"sc":12.0},"OMEinsum (METIS)":{"time":1.933661684,"tc":15.0,"sc":13.0},"CoTenGra":{"time":267.954633316,"tc":20.0,"sc":19.0}}