{"OMEinsum (KaHyPar)":{"time":7.629378294,"tc":29.0,"sc":26.0},"OMEinsum (METIS)":{"time":0.540637987,"tc":29.0,"sc":26.0},"CoTenGra":{"time":123.915164847,"tc":29.0,"sc":26.0}}