{"OMEinsum (KaHyPar)":{"time":83.504511644,"tc":40.0,"sc":32.0},"OMEinsum (METIS)":{"time":10.792275622,"tc":41.0,"sc":37.0},"CoTenGra":{"time":1359.929814943,"tc":38.0,"sc":34.0}}