{"OMEinsum (KaHyPar)":{"time":91.11343196,"tc":31.0,"sc":30.0},"OMEinsum (METIS)":{"time":0.987312029,"tc":31.0,"sc":30.0},"CoTenGra":{"time":343.744674899,"tc":34.0,"sc":34.0}}