{"OMEinsum (KaHyPar)":{"time":18.451894764,"tc":43.0,"sc":33.0},"OMEinsum (METIS)":{"time":1.02504877,"tc":42.0,"sc":36.0},"CoTenGra":{"time":1216.12280212,"tc":42.0,"sc":35.0}}