{"OMEinsum (KaHyPar)":{"time":18.471105485,"tc":26.0,"sc":24.0},"OMEinsum (METIS)":{"time":0.665853782,"tc":26.0,"sc":24.0},"CoTenGra":{"time":141.42633048,"tc":27.0,"sc":24.0}}