{"OMEinsum (KaHyPar)":{"time":657.59804616,"tc":37.0,"sc":30.0},"OMEinsum (METIS)":{"time":43.832048494,"tc":37.0,"sc":29.0},"CoTenGra":{"time":2200.162068653,"tc":36.0,"sc":31.000000000000004}}