{"OMEinsum (KaHyPar)":{"time":68.31193297,"tc":31.0,"sc":27.0},"OMEinsum (METIS)":{"time":1.400080433,"tc":32.0,"sc":26.0},"CoTenGra":{"time":150.779217728,"tc":31.0,"sc":29.000000000000004}}