{"OMEinsum (KaHyPar)":{"time":0.106710618,"tc":38.0,"sc":36.0},"OMEinsum (METIS)":{"time":0.107537446,"tc":38.0,"sc":36.0},"CoTenGra":{"time":244.544103312,"tc":38.0,"sc":36.0}}