{"OMEinsum (KaHyPar)":{"time":120.160862015,"tc":32.0,"sc":27.0},"OMEinsum (METIS)":{"time":5.283365989,"tc":32.0,"sc":27.0},"CoTenGra":{"time":253.838618474,"tc":32.0,"sc":30.0}}