{"OMEinsum (KaHyPar)":{"time":796.398367256,"tc":32.0,"sc":29.0},"OMEinsum (METIS)":{"time":39.342498902,"tc":32.0,"sc":24.0},"CoTenGra":{"time":920.87760419,"tc":38.0,"sc":30.0}}