{"OMEinsum (KaHyPar)":{"time":53.489230188,"tc":37.0,"sc":33.0},"OMEinsum (METIS)":{"time":3.704949591,"tc":37.0,"sc":32.0},"CoTenGra":{"time":2496.813916877,"tc":40.0,"sc":34.0}}