{"OMEinsum (KaHyPar)":{"time":304.84991903,"tc":39.0,"sc":34.0},"OMEinsum (METIS)":{"time":10.802298961,"tc":38.0,"sc":34.0},"CoTenGra":{"time":2097.594075939,"tc":37.0,"sc":35.0}}