{"OMEinsum (KaHyPar)":{"time":75.65577228,"tc":33.0,"sc":28.0},"OMEinsum (METIS)":{"time":3.344518433,"tc":33.0,"sc":28.0},"CoTenGra":{"time":535.500924575,"tc":35.0,"sc":31.000000000000004}}