{"OMEinsum (KaHyPar)":{"time":10.307397627,"tc":36.0,"sc":32.0},"OMEinsum (METIS)":{"time":0.776925638,"tc":37.0,"sc":32.0},"CoTenGra":{"time":635.259564707,"tc":37.0,"sc":34.0}}