{"OMEinsum (KaHyPar)":{"time":180.581807408,"tc":31.0,"sc":24.0},"OMEinsum (METIS)":{"time":3.72675781,"tc":31.0,"sc":24.0},"CoTenGra":{"time":710.505702996,"tc":37.0,"sc":27.0}}