{"OMEinsum (KaHyPar)":{"time":19.651583236,"tc":32.0,"sc":29.0},"OMEinsum (METIS)":{"time":1.29936247,"tc":32.0,"sc":29.0},"CoTenGra":{"time":162.80184056,"tc":32.0,"sc":31.000000000000004}}