{"OMEinsum (KaHyPar)":{"time":83.713614272,"tc":39.0,"sc":34.0},"OMEinsum (METIS)":{"time":1.014997924,"tc":38.0,"sc":33.0},"CoTenGra":{"time":500.985281915,"tc":39.0,"sc":34.0}}