{"OMEinsum (KaHyPar)":{"time":104.518350688,"tc":41.0,"sc":33.0},"OMEinsum (METIS)":{"time":4.94809859,"tc":41.0,"sc":35.0},"CoTenGra":{"time":3892.91589441,"tc":41.0,"sc":33.0}}