{"OMEinsum (KaHyPar)":{"time":21.249904273,"tc":33.0,"sc":31.0},"OMEinsum (METIS)":{"time":0.687662956,"tc":33.0,"sc":31.0},"CoTenGra":{"time":145.883273968,"tc":33.0,"sc":31.000000000000004}}