{"OMEinsum (KaHyPar)":{"time":13.505411028,"tc":33.0,"sc":29.0},"OMEinsum (METIS)":{"time":0.843156038,"tc":33.0,"sc":29.0},"CoTenGra":{"time":257.444710663,"tc":34.0,"sc":29.000000000000004}}