{"OMEinsum (KaHyPar)":{"time":8.314628792,"tc":35.0,"sc":31.0},"OMEinsum (METIS)":{"time":0.671076615,"tc":36.0,"sc":30.0},"CoTenGra":{"time":257.88121363,"tc":35.0,"sc":33.0}}