{"OMEinsum (KaHyPar)":{"time":5.921799263,"tc":40.0,"sc":28.0},"OMEinsum (METIS)":{"time":0.415733436,"tc":40.0,"sc":30.0},"CoTenGra":{"time":509.481203485,"tc":40.0,"sc":28.0}}