{"OMEinsum (KaHyPar)":{"time":36.538491015,"tc":38.0,"sc":30.0},"OMEinsum (METIS)":{"time":1.888296311,"tc":38.0,"sc":32.0},"CoTenGra":{"time":610.693068086,"tc":36.0,"sc":32.0}}