{"OMEinsum (KaHyPar)":{"time":11.817317182,"tc":34.0,"sc":27.0},"OMEinsum (METIS)":{"time":1.023362741,"tc":33.0,"sc":27.0},"CoTenGra":{"time":86.564044264,"tc":32.0,"sc":28.0}}