{"OMEinsum (KaHyPar)":{"time":23.216472081,"tc":32.0,"sc":23.0},"OMEinsum (METIS)":{"time":1.874116563,"tc":30.0,"sc":24.0},"CoTenGra":{"time":485.371015979,"tc":35.0,"sc":29.000000000000004}}