{"OMEinsum (KaHyPar)":{"time":24.660027209,"tc":41.0,"sc":32.0},"OMEinsum (METIS)":{"time":2.070066024,"tc":38.0,"sc":31.0},"CoTenGra":{"time":921.60635355,"tc":38.0,"sc":34.0}}