{"OMEinsum (KaHyPar)":{"time":19.74001348,"tc":28.0,"sc":21.0},"OMEinsum (METIS)":{"time":1.581126174,"tc":29.0,"sc":23.0},"CoTenGra":{"time":190.449161188,"tc":32.0,"sc":26.0}}