{"OMEinsum (KaHyPar)":{"time":18.646049252,"tc":35.0,"sc":27.0},"OMEinsum (METIS)":{"time":1.526571711,"tc":33.0,"sc":28.0},"CoTenGra":{"time":307.205951702,"tc":35.0,"sc":30.0}}