{"OMEinsum (KaHyPar)":{"time":47.204109623,"tc":35.0,"sc":27.0},"OMEinsum (METIS)":{"time":3.878998801,"tc":33.0,"sc":28.0},"CoTenGra":{"time":409.165108726,"tc":34.0,"sc":31.000000000000004}}