{"OMEinsum (KaHyPar)":{"time":168.469887451,"tc":35.0,"sc":28.0},"OMEinsum (METIS)":{"time":13.495351556,"tc":36.0,"sc":27.0},"CoTenGra":{"time":450.399391099,"tc":36.0,"sc":28.0}}