{"OMEinsum (KaHyPar)":{"time":24.125403671,"tc":25.0,"sc":20.0},"OMEinsum (METIS)":{"time":1.155300688,"tc":25.0,"sc":20.0},"CoTenGra":{"time":201.484039368,"tc":27.0,"sc":24.0}}