{"OMEinsum (KaHyPar)":{"time":26.698682039,"tc":34.0,"sc":27.0},"OMEinsum (METIS)":{"time":2.16023947,"tc":34.0,"sc":28.0},"CoTenGra":{"time":277.181103086,"tc":32.0,"sc":29.000000000000004}}