{"OMEinsum (KaHyPar)":{"time":10.122673742,"tc":33.0,"sc":24.0},"OMEinsum (METIS)":{"time":0.838917101,"tc":32.0,"sc":25.0},"CoTenGra":{"time":40.567340569,"tc":29.0,"sc":26.0}}