{"OMEinsum (KaHyPar)":{"time":19.125552507,"tc":33.0,"sc":23.0},"OMEinsum (METIS)":{"time":0.92816123,"tc":31.0,"sc":25.0},"CoTenGra":{"time":102.996084698,"tc":29.0,"sc":26.0}}