{"OMEinsum (KaHyPar)":{"time":36.11147538,"tc":35.0,"sc":30.0},"OMEinsum (METIS)":{"time":2.904600455,"tc":35.0,"sc":27.0},"CoTenGra":{"time":491.080577259,"tc":32.0,"sc":28.0}}