{"OMEinsum (KaHyPar)":{"time":38.825199479,"tc":35.0,"sc":28.0},"OMEinsum (METIS)":{"time":3.180296284,"tc":36.0,"sc":27.0},"CoTenGra":{"time":568.857509868,"tc":33.0,"sc":30.0}}