{"OMEinsum (KaHyPar)":{"time":24.745787774,"tc":38.0,"sc":29.0},"OMEinsum (METIS)":{"time":2.298362567,"tc":37.0,"sc":29.0},"CoTenGra":{"time":143.178929626,"tc":36.0,"sc":31.000000000000004}}