{"OMEinsum (KaHyPar)":{"time":99.485494024,"tc":40.0,"sc":30.0},"OMEinsum (METIS)":{"time":12.622616415,"tc":39.0,"sc":30.0},"CoTenGra":{"time":1944.883014901,"tc":27.0,"sc":24.0}}