{"OMEinsum (KaHyPar)":{"time":37.785429564,"tc":42.0,"sc":31.0},"OMEinsum (METIS)":{"time":3.730122882,"tc":41.0,"sc":31.0},"CoTenGra":{"time":827.179094519,"tc":39.0,"sc":36.0}}