{"OMEinsum (KaHyPar)":{"time":6.773178329,"tc":31.0,"sc":24.0},"OMEinsum (METIS)":{"time":0.515931228,"tc":30.0,"sc":25.0},"CoTenGra":{"time":81.408436433,"tc":28.0,"sc":26.0}}