{"OMEinsum (KaHyPar)":{"time":12.192939521,"tc":34.0,"sc":28.0},"OMEinsum (METIS)":{"time":1.031323859,"tc":33.0,"sc":25.0},"CoTenGra":{"time":93.844272146,"tc":28.0,"sc":25.0}}