{"OMEinsum (KaHyPar)":{"time":2.134566005,"tc":29.0,"sc":28.0},"OMEinsum (METIS)":{"time":2.322202372,"tc":29.0,"sc":28.0},"CoTenGra":{"time":123.712975497,"tc":29.0,"sc":29.000000000000004}}