{"OMEinsum (KaHyPar)":{"time":2.535849566,"tc":28.0,"sc":27.0},"OMEinsum (METIS)":{"time":2.32391817,"tc":28.0,"sc":27.0},"CoTenGra":{"time":88.144160074,"tc":28.0,"sc":27.0}}