{"OMEinsum (KaHyPar)":{"time":2.772208883,"tc":31.0,"sc":30.0},"OMEinsum (METIS)":{"time":2.420495028,"tc":31.0,"sc":30.0},"CoTenGra":{"time":107.050835712,"tc":31.0,"sc":30.0}}