{"OMEinsum (KaHyPar)":{"time":21.495914013,"tc":35.0,"sc":30.0},"OMEinsum (METIS)":{"time":1.144642325,"tc":34.0,"sc":31.0},"CoTenGra":{"time":146.160763468,"tc":32.0,"sc":30.0}}