{"OMEinsum (KaHyPar)":{"time":12.708079299,"tc":33.0,"sc":26.0},"OMEinsum (METIS)":{"time":0.990608916,"tc":33.0,"sc":26.0},"CoTenGra":{"time":60.813894856,"tc":29.0,"sc":26.0}}