{"OMEinsum (KaHyPar)":{"time":19.267429335,"tc":37.0,"sc":28.0},"OMEinsum (METIS)":{"time":1.568907758,"tc":35.0,"sc":27.0},"CoTenGra":{"time":89.032281891,"tc":31.0,"sc":27.0}}