{"OMEinsum (KaHyPar)":{"time":606.175946347,"tc":31.0,"sc":24.0},"OMEinsum (METIS)":{"time":13.079197524,"tc":31.0,"sc":24.0},"CoTenGra":{"time":798.725577934,"tc":35.0,"sc":29.000000000000004}}