{"OMEinsum (KaHyPar)":{"time":32.73353122,"tc":32.0,"sc":25.0},"OMEinsum (METIS)":{"time":1.840672585,"tc":32.0,"sc":24.0},"CoTenGra":{"time":149.726290142,"tc":26.0,"sc":24.0}}