{"OMEinsum (KaHyPar)":{"time":44.478785011,"tc":35.0,"sc":28.0},"OMEinsum (METIS)":{"time":3.59488136,"tc":34.0,"sc":25.0},"CoTenGra":{"time":345.412397351,"tc":31.0,"sc":27.0}}