{"OMEinsum (KaHyPar)":{"time":1.7412213,"tc":32.0,"sc":29.0},"OMEinsum (METIS)":{"time":0.155687556,"tc":32.0,"sc":29.0},"CoTenGra":{"time":65.382349172,"tc":33.0,"sc":29.000000000000004}}