{"OMEinsum (KaHyPar)":{"time":8.11966668,"tc":35.0,"sc":31.0},"OMEinsum (METIS)":{"time":0.729385842,"tc":34.0,"sc":31.0},"CoTenGra":{"time":32.127304264,"tc":34.0,"sc":31.000000000000004}}