{"OMEinsum (KaHyPar)":{"time":6.099733122,"tc":33.0,"sc":30.0},"OMEinsum (METIS)":{"time":0.339089615,"tc":33.0,"sc":30.0},"CoTenGra":{"time":38.29796583,"tc":34.0,"sc":30.0}}