{"OMEinsum (KaHyPar)":{"time":4.619449935,"tc":36.96741238531871,"sc":33.382449884597534},"OMEinsum (METIS)":{"time":0.330063702,"tc":37.90851869626513,"sc":29.831703099214295},"CoTenGra":{"time":85.402493043,"tc":34.64548429043133,"sc":31.06052178971018}}