{"OMEinsum (KaHyPar)":{"time":4.298855678,"tc":36.95009147505597,"sc":31.62816338016861},"OMEinsum (METIS)":{"time":0.332964575,"tc":37.475559288989004,"sc":32.054095520550746},"CoTenGra":{"time":126.821341831,"tc":34.36512897433482,"sc":31.142736552998368}}