{"OMEinsum (KaHyPar)":{"time":10.619923488,"tc":39.34343600075682,"sc":30.459265481648366},"OMEinsum (METIS)":{"time":0.788479693,"tc":39.28454231170324,"sc":31.35972980809745},"CoTenGra":{"time":195.028886531,"tc":35.33700973159742,"sc":30.319087823600118}}