{"OMEinsum (KaHyPar)":{"time":19.66301566,"tc":29.446412943329506,"sc":26.884170519108437},"OMEinsum (METIS)":{"time":1.141623196,"tc":29.446412943329506,"sc":26.884170519108437},"CoTenGra":{"time":194.581271976,"tc":36.92034413166192,"sc":28.75041913021961}}