{"OMEinsum (KaHyPar)":{"time":28.295436525,"tc":33.92481250360579,"sc":28.001628100656603},"OMEinsum (METIS)":{"time":1.739670055,"tc":33.41666559993548,"sc":28.92481250360578},"CoTenGra":{"time":411.938522347,"tc":33.56866869338056,"sc":29.246740598493147}}