{"OMEinsum (KaHyPar)":{"time":27.462813459,"tc":38.32355619554401,"sc":34.53445297804259},"OMEinsum (METIS)":{"time":1.762673475,"tc":38.96741238531871,"sc":35.36452797660027},"CoTenGra":{"time":534.825219049,"tc":50.2893404802061,"sc":47.06052178971019}}