{"OMEinsum (KaHyPar)":{"time":20.709468021,"tc":32.25349666421155,"sc":28.534452978042587},"OMEinsum (METIS)":{"time":1.219749105,"tc":32.79748738387639,"sc":29.475559288989018},"CoTenGra":{"time":186.197267378,"tc":39.64548429043134,"sc":36.32355619554398}}