{"OMEinsum (KaHyPar)":{"time":87.066046207,"tc":36.16992500144231,"sc":27.16992500144231},"OMEinsum (METIS)":{"time":4.907371183,"tc":37.169925001442316,"sc":27.169925001442312},"CoTenGra":{"time":264.303531106,"tc":34.33985000288462,"sc":30.754887502163466}}