{"OMEinsum (KaHyPar)":{"time":3.469487274,"tc":35.84962500721158,"sc":30.264662506490396},"OMEinsum (METIS)":{"time":0.235833984,"tc":35.84962500721156,"sc":30.264662506490396},"CoTenGra":{"time":48.856596756,"tc":34.2646625064904,"sc":30.679700005769252}}