{"OMEinsum (KaHyPar)":{"time":1.44174055,"tc":38.18337853749571,"sc":27.276487941887197},"OMEinsum (METIS)":{"time":0.143955541,"tc":38.18337853749571,"sc":27.29920801838728},"CoTenGra":{"time":16.862281261,"tc":37.727699053719526,"sc":30.335381630940766}}