{"OMEinsum (KaHyPar)":{"time":10.920804135,"tc":33.46913301982959,"sc":30.661778097771986},"OMEinsum (METIS)":{"time":0.326769209,"tc":33.95455984699983,"sc":31.14720492494223},"CoTenGra":{"time":115.033900193,"tc":33.95455984699983,"sc":31.147204924942233}}