{"OMEinsum (KaHyPar)":{"time":2.518131148,"tc":34.62756238243408,"sc":27.04259988171291},"OMEinsum (METIS)":{"time":0.183696769,"tc":34.62756238243407,"sc":26.04259988171291},"CoTenGra":{"time":19.695299208,"tc":32.45763738099176,"sc":28.042599881712917}}