{"OMEinsum (KaHyPar)":{"time":7.251074327,"tc":37.21252488315524,"sc":30.457637380991763},"OMEinsum (METIS)":{"time":0.61989576,"tc":38.908518696265126,"sc":31.831703099214295},"CoTenGra":{"time":85.019612589,"tc":35.89059678826788,"sc":31.305634287546713}}