{"OMEinsum (KaHyPar)":{"time":34.307436165,"tc":32.38244988459755,"sc":28.38244988459754},"OMEinsum (METIS)":{"time":2.14830117,"tc":32.001628100656646,"sc":27.38244988459754},"CoTenGra":{"time":543.138939133,"tc":43.64548429043134,"sc":41.32355619554397}}