{"OMEinsum (KaHyPar)":{"time":3.94913505,"tc":36.21252488315524,"sc":32.212524883155226},"OMEinsum (METIS)":{"time":0.238979892,"tc":36.21252488315523,"sc":33.153631194101656},"CoTenGra":{"time":71.216637865,"tc":34.153631194101656,"sc":31.56866869338051}}