{"OMEinsum (KaHyPar)":{"time":22.890296971,"tc":35.242272226549275,"sc":31.849954803770515},"OMEinsum (METIS)":{"time":1.27086165,"tc":35.242272226549275,"sc":31.849954803770515},"CoTenGra":{"time":331.500827531,"tc":38.96098611615926,"sc":31.849954803770522}}