{"OMEinsum (KaHyPar)":{"time":0.028288659,"tc":34.34523023840234,"sc":25.359400011538497},"OMEinsum (METIS)":{"time":0.01522758,"tc":34.34523023840234,"sc":25.359400011538497},"CoTenGra":{"time":1.965263788,"tc":33.219699356318486,"sc":25.3594000115385}}