{"OMEinsum (KaHyPar)":{"time":19.464178577,"tc":17.931199192111386,"sc":13.931199192111405},"OMEinsum (METIS)":{"time":1.22111927,"tc":17.9311991921114,"sc":13.931199192111405},"CoTenGra":{"time":75.168775897,"tc":20.253127286998765,"sc":13.575066464578658}}