{"OMEinsum (KaHyPar)":{"time":0.026401184,"tc":34.34523023840234,"sc":25.359400011538497},"OMEinsum (METIS)":{"time":0.01638462,"tc":34.34523023840234,"sc":25.359400011538497},"CoTenGra":{"time":2.603228877,"tc":33.219699356318486,"sc":25.3594000115385}}