{"OMEinsum (KaHyPar)":{"time":5.502837036,"tc":38.171553102098926,"sc":34.17155310209891},"OMEinsum (METIS)":{"time":0.407381186,"tc":39.90851869626513,"sc":31.41666559993545},"CoTenGra":{"time":119.820673083,"tc":34.73859369482282,"sc":30.416665599935456}}