{"OMEinsum (KaHyPar)":{"time":13.702359451,"tc":30.998953966358314,"sc":23.56224242422107},"OMEinsum (METIS)":{"time":1.084806957,"tc":30.098489639909225,"sc":24.56224242422107},"CoTenGra":{"time":54.342368844,"tc":30.738593694822846,"sc":23.07681559705083}}