{"OMEinsum (KaHyPar)":{"time":10.757332712,"tc":19.73246722710292,"sc":15.484539713659336},"OMEinsum (METIS)":{"time":0.391735434,"tc":19.73246722710292,"sc":15.484539713659336},"CoTenGra":{"time":63.157338967,"tc":25.487565080661522,"sc":16.99171005377434}}