{"OMEinsum (KaHyPar)":{"time":0.844119506,"tc":39.16992500144231,"sc":30.0},"OMEinsum (METIS)":{"time":0.122893418,"tc":39.16992500144231,"sc":30.0},"CoTenGra":{"time":3.582920845,"tc":37.16992500144232,"sc":32.584962500721154}}