{"OMEinsum (KaHyPar)":{"time":0.029820656,"tc":29.0,"sc":28.0},"OMEinsum (METIS)":{"time":0.028517675,"tc":29.0,"sc":28.0},"CoTenGra":{"time":1.028817,"tc":29.0,"sc":28.0}}