{"OMEinsum (KaHyPar)":{"time":1.74393945,"tc":33.54876363248749,"sc":24.90851869626513},"OMEinsum (METIS)":{"time":0.162271124,"tc":33.54876363248749,"sc":24.90851869626513},"CoTenGra":{"time":23.14925061,"tc":33.54876363248749,"sc":25.015090360463176}}