{"OMEinsum (KaHyPar)":{"time":10.49125266,"tc":40.03780171321011,"sc":31.668805364665957},"OMEinsum (METIS)":{"time":0.841301366,"tc":41.108191041101506,"sc":30.35330353893802},"CoTenGra":{"time":157.653798527,"tc":35.61126857509341,"sc":30.3418079001002}}