{"OMEinsum (KaHyPar)":{"time":26.289925253,"tc":35.604512509375056,"sc":27.264662506490396},"OMEinsum (METIS)":{"time":2.071650025,"tc":35.67970000576931,"sc":28.92481250360578},"CoTenGra":{"time":275.379753309,"tc":32.509775004326954,"sc":28.339850002884624}}