{"OMEinsum (KaHyPar)":{"time":0.031479159,"tc":31.0,"sc":30.0},"OMEinsum (METIS)":{"time":0.029599173,"tc":31.0,"sc":30.0},"CoTenGra":{"time":1.950819219,"tc":31.0,"sc":30.0}}