{"OMEinsum (KaHyPar)":{"time":0.044194404,"tc":33.0,"sc":32.0},"OMEinsum (METIS)":{"time":0.042797648,"tc":33.0,"sc":32.0},"CoTenGra":{"time":2.056956968,"tc":33.0,"sc":32.0}}