{"OMEinsum (KaHyPar)":{"time":1.009766303,"tc":39.060521789710194,"sc":29.73859369482281},"OMEinsum (METIS)":{"time":0.148384332,"tc":38.81540929187365,"sc":30.41666559993545},"CoTenGra":{"time":9.493406445,"tc":35.23044679115249,"sc":31.15363119410166}}