{"OMEinsum (KaHyPar)":{"time":5.371632775,"tc":40.18302627402408,"sc":29.727699053719526},"OMEinsum (METIS)":{"time":0.43893552,"tc":40.18302627402408,"sc":29.727699053719526},"CoTenGra":{"time":95.370390108,"tc":37.820456194639405,"sc":31.978660627252747}}