{"OMEinsum (KaHyPar)":{"time":0.851820767,"tc":22.22420604183398,"sc":17.831888619055213},"OMEinsum (METIS)":{"time":0.065466558,"tc":22.22420604183398,"sc":17.831888619055213},"CoTenGra":{"time":14.512221332,"tc":22.22420604183398,"sc":17.263195831184003}}