{"OMEinsum (KaHyPar)":{"time":19.028829597,"tc":41.441343573651125,"sc":31.38244988459754},"OMEinsum (METIS)":{"time":1.467714608,"tc":41.49348119698633,"sc":31.509775004326933},"CoTenGra":{"time":271.04478504,"tc":37.55237488603988,"sc":32.32355619554398}}