{"OMEinsum (KaHyPar)":{"time":42.524066519,"tc":17.697978850717703,"sc":13.450051337274045},"OMEinsum (METIS)":{"time":3.855322317,"tc":17.697978850717703,"sc":13.450051337274045},"CoTenGra":{"time":190.571483867,"tc":25.763199523274942,"sc":21.515272009831353}}