{"OMEinsum (KaHyPar)":{"time":7.555918564,"tc":37.92481250360578,"sc":30.339850002884624},"OMEinsum (METIS)":{"time":0.578379501,"tc":39.50977500432694,"sc":27.75488750216347},"CoTenGra":{"time":62.161009568,"tc":32.92481250360578,"sc":29.339850002884628}}