{"OMEinsum (KaHyPar)":{"time":14.38423171,"tc":39.7619147690575,"sc":29.369597346278674},"OMEinsum (METIS)":{"time":1.133827541,"tc":39.34147810354123,"sc":30.978908024156517},"CoTenGra":{"time":218.95854239,"tc":36.53952234772102,"sc":30.14720492494223}}