{"OMEinsum (KaHyPar)":{"time":3.117411991,"tc":38.26466250649042,"sc":32.094737505048094},"OMEinsum (METIS)":{"time":0.27999134,"tc":37.84962500721157,"sc":31.264662506490396},"CoTenGra":{"time":54.98930531,"tc":33.84962500721157,"sc":31.264662506490406}}