{"OMEinsum (KaHyPar)":{"time":30.433579171,"tc":42.434587507932754,"sc":30.92481250360578},"OMEinsum (METIS)":{"time":2.327126155,"tc":42.0195500086539,"sc":30.67970000576925},"CoTenGra":{"time":573.950794396,"tc":37.11428751370209,"sc":34.52932501298081}}