{"OMEinsum (KaHyPar)":{"time":118.77800488,"tc":27.0,"sc":26.0},"OMEinsum (METIS)":{"time":10.595507074,"tc":28.0,"sc":27.0},"CoTenGra":{"time":734.513801289,"tc":31.0,"sc":32.0}}