{"OMEinsum (KaHyPar)":{"time":14.003423533,"tc":33.0,"sc":32.0},"OMEinsum (METIS)":{"time":0.405371159,"tc":33.0,"sc":32.0},"CoTenGra":{"time":114.49225112,"tc":35.0,"sc":32.0}}