{"OMEinsum (KaHyPar)":{"time":510.189644386,"tc":38.0,"sc":28.0},"OMEinsum (METIS)":{"time":31.603100477,"tc":34.0,"sc":30.0},"CoTenGra":{"time":1592.697126909,"tc":38.0,"sc":32.0}}