{"OMEinsum (KaHyPar)":{"time":843.230984054,"tc":14.0,"sc":12.0},"OMEinsum (METIS)":{"time":28.981549029,"tc":15.0,"sc":13.0},"CoTenGra":{"time":672.259610811,"tc":19.0,"sc":15.0}}