{"OMEinsum (KaHyPar)":{"time":869.204709685,"tc":38.0,"sc":28.0},"OMEinsum (METIS)":{"time":36.006623686,"tc":34.0,"sc":30.0},"CoTenGra":{"time":2468.303446273,"tc":38.0,"sc":34.0}}