{"OMEinsum (KaHyPar)":{"time":104.596212926,"tc":16.0,"sc":12.0},"OMEinsum (METIS)":{"time":2.562065512,"tc":16.0,"sc":12.0},"CoTenGra":{"time":457.629916986,"tc":17.0,"sc":13.0}}