{"OMEinsum (KaHyPar)":{"time":9.891751111,"tc":33.0,"sc":31.0},"OMEinsum (METIS)":{"time":0.40223154,"tc":34.0,"sc":32.0},"CoTenGra":{"time":135.314465794,"tc":34.0,"sc":32.0}}