{"OMEinsum (KaHyPar)":{"time":14.3679995,"tc":30.0,"sc":28.0},"OMEinsum (METIS)":{"time":0.927010513,"tc":30.0,"sc":28.0},"CoTenGra":{"time":101.127856777,"tc":30.0,"sc":29.000000000000004}}