{"OMEinsum (KaHyPar)":{"time":25.684841237,"tc":36.0,"sc":32.0},"OMEinsum (METIS)":{"time":1.287367901,"tc":37.0,"sc":30.0},"CoTenGra":{"time":128.843608868,"tc":34.0,"sc":30.0}}