{"OMEinsum (KaHyPar)":{"time":258.277924948,"tc":36.0,"sc":27.0},"OMEinsum (METIS)":{"time":21.556456659,"tc":35.0,"sc":27.0},"CoTenGra":{"time":713.007517719,"tc":37.0,"sc":26.0}}