{"OMEinsum (KaHyPar)":{"time":22.259710514,"tc":32.0,"sc":29.0},"OMEinsum (METIS)":{"time":0.646474251,"tc":32.0,"sc":29.0},"CoTenGra":{"time":86.116862603,"tc":32.0,"sc":30.0}}